Departamento,Codigo,ICV 2010,Nivel de calidad de vida,Código de provincia,Nombre de provincia,Código de departamentos/comuna,Nombre de departamentos/comuna,Población total,Total de hogares,Latitud del centroide,Longitud del centroide,Superficie en km2,id
Ramón Lista,34063,2.83560995,1,34,Formosa,34063,Ramón Lista,13754,2796,-23.130271,-62.125171,4111.230424511,273.0
Bermejo (For),34007,2.95119906,1,34,Formosa,34007,Bermejo,14046,3548,-24.028331,-61.267853,13060.033532372,364.0
Rivadavia (Sal),66133,3.18351299,1,66,Salta,66133,Rivadavia,30357,7154,-23.52053,-62.82821,26071.405867667,211.0
Figueroa,86070,4.01984767,1,86,Santiago del Estero,86070,Figueroa,17820,4084,-27.314496,-63.565643,6453.0687920279,177.0
Matacos,34028,4.18537437,1,34,Formosa,34028,Matacos,14375,3363,-23.859214,-62.055683,4421.3249631725,426.0
Mitre,86112,4.19440062,1,86,Santiago del Estero,86112,Mitre,1890,536,-29.582078,-62.732874,3373.318441707,520.0
Avellaneda (Sgo),86028,4.2013395,1,86,Santiago del Estero,86028,Avellaneda,20763,4897,-28.54682,-63.205598,3773.5890225309,178.0
Independencia (Cha),22070,4.23331663,1,22,Chaco,22070,Independencia,22411,5417,-26.738539,-60.757244,1940.2058716217,305.0
Atamisqui,86021,4.28216863,1,86,Santiago del Estero,86021,Atamisqui,10923,2520,-28.684508,-63.869749,2487.820451528,522.0
General Güemes (Cha),22063,4.32667071,1,22,Chaco,22063,General Güemes,67132,17243,-25.212612,-61.332719,25749.776804812,367.0
Alberdi,86014,4.35428566,1,86,Santiago del Estero,86014,Alberdi,17252,3980,-26.539862,-62.730954,12924.109450237,180.0
Sarmiento (Sgo),86182,4.36089852,1,86,Santiago del Estero,86182,Sarmiento,4607,1057,-28.093428,-63.455241,1627.346271051,521.0
Chical Co,42063,4.36212802,1,42,La Pampa,42063,Chical Co,1502,474,-36.401963,-67.684723,9092.6387143037,495.0
Salavina,86168,4.40084602,1,86,Santiago del Estero,86168,Salavina,11217,2718,-28.923083,-63.298275,3120.5590739264,179.0
Patiño,34035,4.4666747,1,34,Formosa,34035,Patiño,68581,18856,-24.862549,-59.977358,26157.986394067,363.0
General Belgrano (Cha),22049,4.47939613,1,22,Chaco,22049,General Belgrano,11988,3078,-26.848522,-61.071824,1303.1708302008,306.0
Almirante Brown (Cha),22007,4.49562528,1,22,Chaco,22007,Almirante Brown,34075,8730,-25.742873,-61.961478,17744.482531989,428.0
Pellegrini (Sgo),86133,4.51863697,1,86,Santiago del Estero,86133,Pellegrini,20514,5296,-26.213152,-64.093987,6931.0799964648,176.0
Jiménez,86091,4.57634545,1,86,Santiago del Estero,86091,Jiménez,14352,3586,-26.904178,-64.274407,5764.6153813029,525.0
Concepción (Corr),18028,4.58400326,1,18,Corrientes,18028,Concepción,21113,5205,-28.4084,-58.031393,5281.6344580735,28.0
25 de Mayo (Cha),22168,4.62313776,1,22,Chaco,22168,25 de Mayo,29215,7532,-26.825934,-60.018614,2339.4104156995,308.0
San Martín (Sgo),86175,4.64895707,1,86,Santiago del Estero,86175,San Martín,9831,2261,-28.18646,-63.856429,1826.6484612206,519.0
Belgrano (Sgo),86042,4.68151318,1,86,Santiago del Estero,86042,Belgrano,9243,2473,-29.083613,-62.21859,3250.1835478124,527.0
O'Higgins,22112,4.69666128,1,22,Chaco,22112,O'Higgins,20131,5184,-27.258728,-60.680508,1552.2724771558,312.0
Aguirre,86007,4.6983413,1,86,Santiago del Estero,86007,Aguirre,7610,2087,-29.289486,-62.510543,3901.7189998694,528.0
Silípica,86189,4.7061002,1,86,Santiago del Estero,86189,Silípica,7712,1819,-28.183472,-64.276197,1138.986417299,518.0
Quitilipi,22133,4.71609535,1,22,Chaco,22133,Quitilipi,34081,8809,-26.673406,-60.173718,1606.7393580801,309.0
Fray Justo Santa María de Oro,22043,4.72535775,1,22,Chaco,22043,Fray Justo Santa María de Oro,11826,3229,-27.866373,-61.301148,2196.6287365889,318.0
Moreno (Sgo),86119,4.75109609,1,86,Santiago del Estero,86119,Moreno,32130,7467,-27.308438,-62.464501,16296.359415942,181.0
Robles,86161,4.75931528,1,86,Santiago del Estero,86161,Robles,44415,10609,-27.849953,-63.908161,1354.7717708588,516.0
juan felipe ibarra,86098,4.80972058,1,86,Santiago del Estero,86098,Juan F. Ibarra,18051,4180,-28.038248,-62.546118,9212.3773501024,182.0
Santa Victoria,66161,4.8529063,1,66,Salta,66161,Santa Victoria,10344,2545,-22.361294,-64.892225,4110.0784353579,209.0
Maipú (Cha),22091,4.86608174,1,22,Chaco,22091,Maipú,25288,6346,-26.319985,-60.455468,2915.6443595863,302.0
Santa Catalina,38077,4.93252697,1,38,Jujuy,38077,Santa Catalina,2800,846,-22.137102,-66.226869,2946.042434631,269.0
Copo,86056,4.96450312,1,86,Santiago del Estero,86056,Copo,31404,7522,-25.947886,-62.739566,13497.431123751,429.0
San Lorenzo (Cha),22147,4.98384988,1,22,Chaco,22147,San Lorenzo,14702,3992,-27.393973,-60.36438,2144.4283526661,311.0
Pilagás,34042,5.01428957,2,34,Formosa,34042,Pilagás,18399,4794,-25.104998,-58.664523,3587.3535127482,360.0
Quebrachos,86140,5.02089782,2,86,Santiago del Estero,86140,Quebrachos,10568,2807,-29.371983,-63.351946,3770.6163188345,526.0
Mayor Luis J. Fontana,22098,5.03035773,2,22,Chaco,22098,Mayor Luis J. Fontana,55080,15495,-27.744022,-60.657259,3705.3822627594,317.0
Guasayán,86084,5.06203634,2,86,Santiago del Estero,86084,Guasayán,7602,1950,-27.97229,-64.873948,2707.0952459472,524.0
San Roque,18161,5.06456587,2,18,Corrientes,18161,San Roque,18366,4684,-28.705821,-58.61302,2427.6636088419,29.0
Tapenagá,22161,5.06513599,2,22,Chaco,22161,Tapenagá,4097,1156,-27.664695,-59.826294,5952.6251733717,315.0
Mburucuyá,18098,5.06765387,2,18,Corrientes,18098,Mburucuyá,9252,2524,-28.016384,-58.185567,998.57005572766,31.0
General Taboada,86077,5.0726302,2,86,Santiago del Estero,86077,General Taboada,38105,9073,-28.57072,-62.341362,6199.7919728623,183.0
25 de Mayo (SJ),70126,5.08710159,2,70,San Juan,70126,25 de Mayo,17119,3973,-31.98763,-67.825906,4260.53897916,203.0
Ojo de Agua,86126,5.08962849,2,86,Santiago del Estero,86126,Ojo de Agua,14008,3784,-29.301211,-63.99306,6446.2974987844,185.0
San Miguel (Corr),18154,5.0913524,2,18,Corrientes,18154,San Miguel,10572,2553,-27.87558,-57.409848,3063.747643197,46.0
2 de Abril,22039,5.11373678,2,22,Chaco,22039,2 de Abril,7432,2121,-27.621719,-61.327706,1603.0021783576,314.0
12 de Octubre,22036,5.11706519,2,22,Chaco,22036,12 de Octubre,22281,6021,-27.334834,-61.474867,2752.354720363,320.0
Lavalle (Corr),18091,5.1329193,2,18,Corrientes,18091,Lavalle,28759,7312,-28.989597,-58.941988,1530.746555466,48.0
Loreto,86105,5.1612587,2,86,Santiago del Estero,86105,Loreto,20036,4782,-28.607068,-64.308398,3091.7508898175,523.0
Pirané,34056,5.1631244,2,34,Formosa,34056,Pirané,64566,17855,-25.759773,-59.16919,8860.1425821065,362.0
Berón de Astrada,18014,5.17519963,2,18,Corrientes,18014,Berón de Astrada,2461,676,-27.474863,-57.607758,891.75792020803,35.0
Sargento Cabral,22154,5.17759399,2,22,Chaco,22154,Sargento Cabral,15889,4367,-26.804136,-59.527256,1560.9416673038,303.0
Ñorquinco,62056,5.18902246,2,62,Río Negro,62056,Ñorquinco,1736,637,-41.74872,-70.39888,8467.916184593,371.0
Presidente Perón,6648,5.22223952,2,6,Buenos Aires,6648,Presidente Perón,81141,21422,-34.929786,-58.398061,120.53282824566,94.0
Limay Mahuida,42091,5.24687789,2,42,La Pampa,42091,Limay Mahuida,503,189,-37.241952,-66.557329,9924.7563498442,252.0
San Pedro (Mis),54112,5.2718753,2,54,Misiones,54112,San Pedro,31051,7665,-26.670992,-53.952852,3557.1848555025,26.0
Lavalle (Mza),50056,5.30637312,2,50,Mendoza,50056,Lavalle,36738,9269,-32.582147,-67.892861,10333.513501529,438.0
9 de julio (RN),62049,5.31095347,2,62,Río Negro,62049,9 de julio,3475,1123,-40.928033,-67.456994,23909.235606738,370.0
Cochinoca,38007,5.32573867,2,38,Jujuy,38007,Cochinoca,12656,3373,-22.942932,-65.934759,7241.8194944292,260.0
Comandante Fernández,22021,5.33116144,2,22,Chaco,22021,Comandante Fernández,96944,27000,-26.786389,-60.46227,1504.6696777382,304.0
PRESIDENCIA DE LA PLAZA,22119,5.33385936,2,22,Chaco,22119,Presidencia de la Plaza,12499,3416,-27.048714,-59.774413,2279.9729302109,310.0
La Poma,66091,5.34786244,2,66,Salta,66091,La Poma,1738,423,-24.177035,-66.216048,4037.5319776807,422.0
Anta,66007,5.37779847,2,66,Salta,66007,Anta,57411,13688,-24.874105,-63.841613,22598.208106103,427.0
General José de San Martín,66056,5.37971299,2,66,Salta,66056,General José de San Martín,156910,37915,-22.712121,-63.657085,15979.277610612,210.0
LIBERTADOR GENERAL SAN MARTIN,22084,5.39194436,2,22,Chaco,22084,Libertador General San Martín,59147,15797,-26.383743,-59.488798,7333.403294098,366.0
Gastre,26049,5.40781653,2,26,Chubut,26049,Gastre,1427,512,-42.753441,-68.801563,15950.109366253,375.0
La Cocha,90049,5.43292506,2,90,Tucumán,90049,La Cocha,19002,4607,-27.79337,-65.597762,928.10896583036,472.0
San Luis del Palmar,18140,5.44252907,2,18,Corrientes,18140,San Luis del Palmar,17590,4417,-27.602043,-58.268556,2578.5941033899,32.0
El Cuy,62035,5.45732519,2,62,Río Negro,62035,El Cuy,5280,1869,-39.702362,-68.497132,21382.464074361,376.0
Burruyacú,90007,5.46645501,2,90,Tucumán,90007,Burruyacú,36951,8807,-26.524139,-64.822008,3669.9071099911,485.0
Catán Lil,58021,5.47033716,2,58,Neuquén,58021,Catán Lil,2155,661,-39.487417,-70.432743,5410.2982946905,460.0
Sauce,18175,5.47297038,2,18,Corrientes,18175,Sauce,9032,2514,-29.999373,-58.794964,2491.7133659035,43.0
Los Andes,66105,5.48676938,2,66,Salta,66105,Los Andes,6050,1250,-24.646343,-67.350037,25741.879001369,420.0
Simoca,90091,5.49806292,2,90,Tucumán,90091,Simoca,30876,7875,-27.424738,-65.290332,1319.7114048143,477.0
Belgrano (SL),74014,5.50031786,2,74,San Luis,74014,Belgrano,3985,1294,-32.779432,-66.713012,6839.1808128336,455.0
Marcos Paz,6525,5.51611403,2,6,Buenos Aires,6525,Marcos Paz,54181,14656,-34.81493,-58.848107,425.87547149713,83.0
Pilcomayo,34049,5.51833278,2,34,Formosa,34049,Pilcomayo,85024,21932,-25.37068,-58.062918,5322.941087217,274.0
Vera,82133,5.51930401,2,82,Santa Fe,82133,Vera,51494,14756,-28.971078,-60.413323,20701.470467857,411.0
Rinconada,38049,5.52361205,2,38,Jujuy,38049,Rinconada,2488,553,-22.621683,-66.542062,6173.2698281416,272.0
José C. Paz,6412,5.52473209,2,6,Buenos Aires,6412,José C. Paz,265981,71722,-34.511836,-58.777725,50.164542067385,65.0
Florencio Varela,6274,5.53301458,2,6,Buenos Aires,6274,Florencio Varela,426005,113135,-34.877472,-58.258667,189.80081065599,91.0
9 de Julio (Sfe),82077,5.54486293,2,82,Santa Fe,82077,9 de Julio,29832,8744,-28.848831,-61.397954,17332.054526498,415.0
9 de Julio (SJ),70063,5.54651186,2,70,San Juan,70063,9 de Julio,9307,2221,-31.644722,-68.388948,149.75568796882,197.0
Río Seco,14112,5.55465816,2,14,Córdoba,14112,Río Seco,13242,3846,-30.039831,-63.182337,7120.1095407748,433.0
Santa Bárbara,38070,5.56179531,2,38,Jujuy,38070,Santa Bárbara,17730,4369,-24.011515,-64.398444,4490.852095648,265.0
Choya,86063,5.56511717,2,86,Santiago del Estero,86063,Choya,34667,9465,-28.620453,-64.744552,4525.0238379782,186.0
Goya,18070,5.57333731,2,18,Corrientes,18070,Goya,89959,24344,-29.452111,-59.256605,4792.7466077454,47.0
LIBERTADOR GENERAL SAN MARTIN,74063,5.583872,2,74,San Luis,74063,Libertador General San Martín,4707,1530,-32.602947,-65.70536,3516.0071910066,452.0
Saladas,18126,5.59235535,2,18,Corrientes,18126,Saladas,22244,5638,-28.212466,-58.619913,1919.6057433091,30.0
9 de Julio (Cha),22105,5.60405181,2,22,Chaco,22105,9 de Julio,28555,7798,-26.947042,-61.265368,2219.7467310282,313.0
Santa Rosa (Cat),10098,5.60572094,2,10,Catamarca,10098,Santa Rosa,12034,3096,-28.076822,-65.339411,1530.8063226352,283.0
Graneros,90035,5.60588863,2,90,Tucumán,90035,Graneros,13551,3481,-27.712242,-65.253228,1724.5057414072,473.0
Minas (Cba),14070,5.61500632,2,14,Córdoba,14070,Minas,4727,1495,-31.035386,-65.410978,3574.6629191414,331.0
General Paz (Corr),18063,5.61630954,2,18,Corrientes,18063,General Paz,14836,4119,-27.720857,-57.78921,2601.1500257735,36.0
General Donovan,22056,5.61974538,2,22,Chaco,22056,General Donovan,13490,3698,-27.144541,-59.356784,1453.4862808341,307.0
General Manuel Belgrano,54049,5.62074858,2,54,Misiones,54049,General Manuel Belgrano,42902,11042,-26.01108,-53.963921,3315.7994551803,358.0
Gobernador Dupuy,74042,5.62314126,2,74,San Luis,74042,Gobernador Dupuy,11779,3508,-35.333867,-65.835872,19281.266807042,188.0
Orán,66126,5.62626695,2,66,Salta,66126,Orán,138838,31859,-23.489636,-64.152803,11826.25818549,425.0
Pocho,14077,5.62724631,2,14,Córdoba,14077,Pocho,5380,1611,-31.463414,-65.437954,3045.0587061609,332.0
JUAN BAUTISTA ALBERDI,90042,5.62874542,2,90,Tucumán,90042,Juan B. Alberdi,30237,7554,-27.611312,-65.781966,710.72297156612,474.0
Iruya,66070,5.63012796,2,66,Salta,66070,Iruya,5987,1504,-22.795798,-64.902911,3591.2534216992,424.0
Susques,38084,5.63082157,2,38,Jujuy,38084,Susques,3791,854,-23.520298,-66.663037,10266.764675715,421.0
25 de Mayo (Mis),54119,5.64008247,2,54,Misiones,54119,25 de Mayo,27754,7529,-27.373419,-54.634276,1655.0485238049,354.0
Paso de Indios,26070,5.66141542,2,26,Chubut,26070,Paso de Indios,1867,649,-44.031344,-68.685773,22184.82706974,295.0
25 de Mayo (RN),62091,5.66448547,2,62,Río Negro,62091,25 de Mayo,15743,4673,-41.133502,-68.903851,27843.467848229,372.0
San Vicente,6778,5.66851896,2,6,Buenos Aires,6778,San Vicente,59478,17116,-35.070668,-58.432201,658.9388659758,96.0
General Rodríguez,6364,5.66963918,2,6,Buenos Aires,6364,General Rodríguez,87185,24926,-34.65136,-58.987926,367.35938562741,70.0
Laishi,34021,5.6730127,2,34,Formosa,34021,Laishi,17063,4538,-26.460536,-58.566378,3609.8274343777,361.0
La Paz (Cat),10070,5.68124871,2,10,Catamarca,10070,La Paz,22638,6093,-29.378709,-65.122753,10417.864985464,285.0
Banda,86035,5.68698225,2,86,Santiago del Estero,86035,Banda,142279,35244,-27.450361,-64.180872,3711.4377287152,515.0
Angaco,70014,5.69216635,2,70,San Juan,70014,Angaco,8125,2015,-31.192816,-68.125969,2597.8721181043,190.0
Sarmiento (SJ),70105,5.69253347,2,70,San Juan,70105,Sarmiento,22131,5224,-32.07398,-68.688296,2849.5674808611,436.0
Languiñeo,26056,5.71248695,2,26,Chubut,26056,Languiñeo,3085,1073,-43.323311,-70.347704,14784.043381673,292.0
Guachipas,66063,5.71595256,2,66,Salta,66063,Guachipas,3187,906,-25.705207,-65.453713,2703.4190977175,214.0
Valle Grande,38105,5.71922001,2,38,Jujuy,38105,Valle Grande,2451,777,-23.464113,-65.012202,1226.1176945373,271.0
1deg DE MAYO,22126,5.72110812,2,22,Chaco,22126,1º de Mayo,10322,2954,-27.16803,-58.962856,1295.1149684882,319.0
El Alto,10056,5.72190232,2,10,Catamarca,10056,El Alto,3570,1042,-28.4271,-65.359138,1903.8566594751,284.0
Feliciano,30042,5.7279549,2,30,Entre Ríos,30042,Feliciano,15079,3949,-30.414113,-58.728507,3177.1776662527,13.0
Guaraní,54056,5.72813093,2,54,Misiones,54056,Guaraní,67897,17789,-27.019881,-54.270641,3250.6752734349,353.0
Mártires,26063,5.73374856,2,26,Chubut,26063,Mártires,778,287,-43.814041,-67.240109,15635.311151578,294.0
Esquina,18049,5.73515806,2,18,Corrientes,18049,Esquina,30802,8108,-29.982659,-59.237808,3893.3060799119,44.0
Federal,30035,5.75011993,2,30,Entre Ríos,30035,Federal,25863,7408,-30.992574,-58.891077,5204.1515253083,5.0
Moreno (Bue),6560,5.75135587,2,6,Buenos Aires,6560,Moreno,452505,124016,-34.610528,-58.810798,185.49995761462,69.0
Tulumba,14175,5.75535548,2,14,Córdoba,14175,Tulumba,12673,4041,-30.222073,-63.807901,9802.3139407052,323.0
Malvinas Argentinas,6515,5.78441379,2,6,Buenos Aires,6515,Malvinas Argentinas,322375,89338,-34.487385,-58.711965,63.00987767286,64.0
Bermejo (Cha),22014,5.78529394,2,22,Chaco,22014,Bermejo,25052,7128,-26.950353,-58.710958,2603.9751717562,365.0
Chacabuco (Cha),22028,5.78707925,2,22,Chaco,22028,Chacabuco,30590,8494,-27.118686,-61.310173,1461.3289346068,321.0
Ezeiza,6270,5.78739016,2,6,Buenos Aires,6270,Ezeiza,163722,44487,-34.875807,-58.564842,237.15767074411,88.0
Merlo,6539,5.81128827,2,6,Buenos Aires,6539,Merlo,528494,147716,-34.710829,-58.742295,174.5608838992,79.0
La Candelaria,66084,5.82884404,2,66,Salta,66084,La Candelaria,5704,1469,-26.051685,-65.206749,1461.2706300803,213.0
Curuzú Cuatiá,18035,5.84256175,2,18,Corrientes,18035,Curuzú Cuatiá,44384,12446,-29.695929,-58.324845,8321.3459450798,42.0
General Güemes (Sal),66049,5.84729784,2,66,Salta,66049,General Güemes,47226,11562,-24.762051,-64.957769,2276.6445736268,217.0
Concepción (Mis),54035,5.85260422,2,54,Misiones,54035,Concepción,9577,2584,-27.926382,-55.469867,768.53653479773,357.0
La Matanza,6427,5.85647559,2,6,Buenos Aires,6427,La Matanza,1775816,484909,-34.770346,-58.625586,328.02695379546,78.0
Río Hondo,86147,5.86589274,2,86,Santiago del Estero,86147,Río Hondo,54867,13567,-27.481182,-64.756553,1984.3944491023,430.0
Chalileo,42049,5.8673588,2,42,La Pampa,42049,Chalileo,2985,947,-36.396238,-66.569447,8633.376781145,248.0
Curacó,42042,5.87916979,2,42,La Pampa,42042,Curacó,1040,360,-38.180229,-66.330311,13513.076797142,254.0
San Salvador,30088,5.89198811,2,30,Entre Ríos,30088,San Salvador,17357,5257,-31.577782,-58.488634,1324.891373025,2.0
Garay,82035,5.89961275,2,82,Santa Fe,82035,Garay,20890,5860,-31.055551,-60.129325,4008.3753114148,409.0
Lules,90063,5.91175856,3,90,Tucumán,90063,Lules,68474,16361,-26.864387,-65.420234,552.50613883499,478.0
Cañuelas,6134,5.92219081,3,6,Buenos Aires,6134,Cañuelas,51892,15312,-35.14544,-58.69045,1185.4820002929,95.0
Telsen,26105,5.92337882,3,26,Chubut,26105,Telsen,1644,632,-42.440781,-67.177161,19381.884014427,374.0
Ensenada,6245,5.92746018,3,6,Buenos Aires,6245,Ensenada,56729,17443,-34.842273,-57.979058,113.19901850581,147.0
Santa Rosa (Mza),50112,5.94362659,3,50,Mendoza,50112,Santa Rosa,16374,4438,-33.598328,-67.958768,8729.2708513353,222.0
Cainguás,54014,5.96342547,3,54,Misiones,54014,Cainguás,53403,14387,-27.144452,-54.80174,1547.8412589363,18.0
Picún Leufú,58098,5.96725083,3,58,Neuquén,58098,Picún Leufú,4578,1461,-39.404598,-69.428317,4596.4953808926,461.0
Cerrillos,66035,5.96804201,3,66,Salta,66035,Cerrillos,35789,8505,-24.992463,-65.40228,535.07819886189,206.0
Molinos,66119,5.96888889,3,66,Salta,66119,Molinos,5652,1191,-25.61471,-66.455509,3489.8508828027,216.0
San Javier (Mis),54105,5.96975338,3,54,Misiones,54105,San Javier,20906,5714,-27.772543,-55.171102,652.52629622273,356.0
Almirante Brown (Bue),6028,5.99018416,3,6,Buenos Aires,6028,Almirante Brown,552902,156918,-34.835652,-58.367491,129.09955004521,89.0
Empedrado,18042,5.9904438,3,18,Corrientes,18042,Empedrado,15109,4055,-27.894369,-58.663715,1948.6171847167,50.0
Esteban Echeverría,6260,5.99101203,3,6,Buenos Aires,6260,Esteban Echeverría,300959,85952,-34.831195,-58.476972,121.44739021046,87.0
Tumbaya,38098,5.9940054,3,38,Jujuy,38098,Tumbaya,4658,1284,-23.738567,-65.698526,3287.9508613082,261.0
Rivadavia (Sgo),86154,5.99972481,3,86,Santiago del Estero,86154,Rivadavia,5015,1468,-29.984298,-62.285117,3156.1612172302,184.0
San Andrés de Giles,6728,6.00721637,3,6,Buenos Aires,6728,San Andrés de Giles,23027,7284,-34.438048,-59.472587,1127.7082238301,59.0
Yavi,38112,6.00867475,3,38,Jujuy,38112,Yavi,20806,5625,-22.290687,-65.565318,3025.3384257358,268.0
Tehuelches,26098,6.01404669,3,26,Chubut,26098,Tehuelches,5390,1793,-44.200123,-70.575012,14570.572300655,297.0
Villarino,6875,6.0420747,3,6,Buenos Aires,6875,Villarino,31014,9890,-39.130216,-62.713868,10648.170198302,383.0
Pehuenches,58091,6.04505599,3,58,Neuquén,58091,Pehuenches,24087,7196,-37.400035,-69.40189,8337.6028690433,469.0
San Martín (SJ),70091,6.04639706,3,70,San Juan,70091,San Martín,11115,2675,-31.531453,-68.195286,592.96409088539,200.0
Mercedes (Corr),18105,6.04663206,3,18,Corrientes,18105,Mercedes,40667,11172,-29.064505,-57.818383,9744.5682675359,27.0
Añelo,58014,6.0503113,3,58,Neuquén,58014,Añelo,10786,3238,-38.097786,-69.018897,11981.693469878,466.0
General San Martín (LR),46091,6.05259522,3,46,La Rioja,46091,General San Martín,4944,1297,-31.650348,-66.167147,4754.3675132485,241.0
General Lavalle,6336,6.05643084,3,6,Buenos Aires,6336,General Lavalle,3700,1176,-36.649391,-56.940515,2720.2511074476,160.0
angel vicente penaloza,46056,6.06973238,3,46,La Rioja,46056,General Angel V. Peñaloza,3073,867,-30.352014,-66.735264,4118.8593048513,234.0
Valcheta,62084,6.07289311,3,62,Río Negro,62084,Valcheta,7101,2053,-40.983212,-66.311756,21145.28182487,368.0
Ancasti,10014,6.07513274,3,10,Catamarca,10014,Ancasti,2917,786,-28.927433,-65.491601,2191.2190088029,277.0
General Obligado,82049,6.08350648,3,82,Santa Fe,82049,General Obligado,176410,49969,-28.672362,-59.526442,11046.625589848,417.0
Trancas,90112,6.08531597,3,90,Tucumán,90112,Trancas,17371,4441,-26.341251,-65.405006,3068.1402915144,490.0
San Javier (Sfe),82098,6.08679235,3,82,Santa Fe,82098,San Javier,30959,9103,-30.104741,-59.897327,6716.4346431748,410.0
Río Chico (Tuc),90077,6.09347812,3,90,Tucumán,90077,Río Chico,56847,14088,-27.456131,-65.756467,646.64861960369,475.0
Berisso,6098,6.09609673,3,6,Buenos Aires,6098,Berisso,88470,27449,-34.909179,-57.828346,145.46195609836,146.0
Bella Vista,18007,6.0967937,3,18,Corrientes,18007,Bella Vista,37181,9823,-28.498913,-58.928086,1752.4745753182,49.0
Villaguay,30113,6.09933235,3,30,Entre Ríos,30113,Villaguay,48965,14726,-31.647872,-59.06069,6570.5126668231,4.0
Ayacucho (SL),74007,6.10243593,3,74,San Luis,74007,Ayacucho,19087,5534,-32.202849,-66.534066,9320.7569732985,187.0
Ledesma,38035,6.10492456,3,38,Jujuy,38035,Ledesma,81790,20345,-23.782185,-64.815613,2891.6833734565,266.0
Eldorado,54042,6.10704261,3,54,Misiones,54042,El Dorado,78221,21635,-26.317598,-54.422653,1871.5722190501,25.0
Caucete,70035,6.11142205,3,70,San Juan,70035,Caucete,38343,9452,-31.513028,-67.543361,7476.7911652654,201.0
Cruz del Eje,14028,6.11360655,3,14,Córdoba,14028,Cruz del Eje,58759,15948,-30.666729,-65.083523,6783.3321197215,326.0
General Guido,6308,6.12613483,3,6,Buenos Aires,6308,General Guido,2816,1005,-36.666536,-57.995185,2326.6411287738,121.0
Independencia (LR),46105,6.12622472,3,46,La Rioja,46105,Independencia,2427,643,-30.136136,-67.298378,5872.0577211489,235.0
San Cristóbal,82091,6.12725577,3,82,Santa Fe,82091,San Cristóbal,68878,21776,-30.230597,-61.363354,14745.577449776,492.0
Islas del Ibicuy,30063,6.13024611,3,30,Entre Ríos,30063,Islas del Ibicuy,12077,3445,-33.623407,-58.938004,4950.092136632,9.0
Lomas de Zamora,6490,6.13139708,3,6,Buenos Aires,6490,Lomas de Zamora,616279,188844,-34.754913,-58.424014,88.726391627668,84.0
Berazategui,6091,6.13426045,3,6,Buenos Aires,6091,Berazategui,324244,93164,-34.817957,-58.1552,220.22247885529,148.0
Pocito,70070,6.14298058,3,70,San Juan,70070,Pocito,53162,13154,-31.745068,-68.584182,571.45403341643,199.0
Chicligasta,90021,6.14435807,3,90,Tucumán,90021,Chicligasta,80735,19864,-27.273186,-65.805093,1281.7781117041,476.0
Famaillá,90028,6.14477133,3,90,Tucumán,90028,Famaillá,34542,8019,-26.978143,-65.470619,436.35916868679,481.0
general juan facundo quiroga,46070,6.14783798,3,46,La Rioja,46070,General Juan F. Quiroga,4108,1123,-30.862942,-66.793011,3384.6577617905,236.0
Leales,90056,6.15344117,3,90,Tucumán,90056,Leales,54949,13663,-27.190949,-65.086324,2003.5236526477,480.0
Libertad,22077,6.15763469,3,22,Chaco,22077,Libertad,12158,3237,-27.348841,-59.260971,1041.9807312411,316.0
Antofagasta de la Sierra,10028,6.16279503,3,10,Catamarca,10028,Antofagasta de la Sierra,1436,365,-25.952089,-67.695338,29081.907231302,344.0
Cachi,66014,6.16496527,3,66,Salta,66014,Cachi,7315,1811,-25.048153,-66.196677,3080.8508207613,205.0
General Las Heras,6329,6.16792709,3,6,Buenos Aires,6329,General Las Heras,14889,4641,-34.910361,-58.995464,746.62756202058,86.0
Itatí,18077,6.16935275,3,18,Corrientes,18077,Itatí,9171,2456,-27.345338,-58.074945,876.12757637731,34.0
Ullum,70112,6.17843173,3,70,San Juan,70112,Ullum,4886,1230,-31.088984,-68.885928,4402.8293139919,189.0
Pilar,6638,6.1848253,3,6,Buenos Aires,6638,Pilar,299077,82671,-34.448872,-58.904048,385.58826058566,61.0
Leandro N. Alem (Bue),6462,6.1852974,3,6,Buenos Aires,6462,Leandro N. Alem,16799,5783,-34.498611,-61.612357,1603.806524002,398.0
Capayán,10042,6.1867969,3,10,Catamarca,10042,Capayán,16085,3927,-28.930533,-65.903106,4671.1235019129,394.0
Exaltación de la Cruz,6266,6.19081476,3,6,Buenos Aires,6266,Exaltación de la Cruz,29805,9101,-34.295544,-59.155428,635.01204915084,56.0
Río Primero,14105,6.19272102,3,14,Córdoba,14105,Río Primero,46675,13652,-31.032795,-63.438562,6763.6718514418,340.0
Sobremonte,14154,6.20395616,3,14,Córdoba,14154,Sobremonte,4591,1311,-29.763961,-64.141252,3253.9527094377,322.0
General Roca (Cba),14035,6.20590637,3,14,Córdoba,14035,General Roca,35645,11608,-34.62324,-64.374411,12712.786648765,397.0
Escobar,6252,6.20607588,3,6,Buenos Aires,6252,Escobar,213619,59981,-34.329277,-58.771052,302.01308043809,58.0
San Ignacio,54098,6.21157101,3,54,Misiones,54098,San Ignacio,57728,15532,-27.174745,-55.339247,1660.7666598984,359.0
Rosario de Lerma,66147,6.21198439,3,66,Salta,66147,Rosario de Lerma,38702,8968,-24.534301,-65.85031,4918.873077408,219.0
General Alvear (Corr),18056,6.2142888,3,18,Corrientes,18056,General Alvear,7926,2387,-28.774019,-56.51183,1940.1531500142,38.0
Vinchina,46098,6.21522793,3,46,La Rioja,46098,Vinchina,2731,766,-28.29229,-68.526688,10961.121563659,242.0
Belén,10035,6.22491068,3,10,Catamarca,10035,Belén,27843,6817,-27.100785,-66.908148,12927.57525709,278.0
San Antonio (Juj),38056,6.22581311,3,38,Jujuy,38056,San Antonio,4466,1239,-24.347975,-65.448075,703.9683743004,263.0
Totoral,14168,6.22882816,3,14,Córdoba,14168,Totoral,18556,5363,-30.726131,-63.984253,3048.5932043176,325.0
Ituzaingó (Corr),18084,6.23252626,3,18,Corrientes,18084,Ituzaingó,31150,8367,-27.907255,-56.78806,9788.4082302757,45.0
Candelaria,54021,6.2385666,3,54,Misiones,54021,Candelaria,27040,7299,-27.458447,-55.583342,915.8960341456,21.0
Tupungato,50126,6.24073201,3,50,Mendoza,50126,Tupungato,32524,8530,-33.283516,-69.300873,2574.5010191093,346.0
Roque Pérez,6693,6.24118658,3,6,Buenos Aires,6693,Roque Pérez,12513,4295,-35.481658,-59.357506,1554.433542884,104.0
Loncopué,58063,6.24393731,3,58,Neuquén,58063,Loncopué,6925,2000,-38.065991,-70.313829,5498.2978550161,467.0
LIBERTADOR GENERAL SAN MARTIN,54077,6.24510505,3,54,Misiones,54077,Libertador General San Martín,46561,12751,-26.891721,-54.924277,1448.6762478684,23.0
Santa María (Cat),10091,6.26108557,3,10,Catamarca,10091,Santa María,22548,5982,-26.793516,-66.271651,5428.3805710043,279.0
Lobos,6483,6.26712098,3,6,Buenos Aires,6483,Lobos,36172,11749,-35.219814,-59.145392,1726.799739784,97.0
Zonda,70133,6.26917636,3,70,San Juan,70133,Zonda,4863,1196,-31.634106,-68.96234,2485.9530710667,192.0
Rivadavia (Bue),6679,6.27016154,3,6,Buenos Aires,6679,Rivadavia,17143,5483,-35.581502,-63.094842,3968.0611161322,380.0
Carmen de Areco,6161,6.27277376,3,6,Buenos Aires,6161,Carmen de Areco,14692,4631,-34.407109,-59.883614,1061.9302621349,57.0
La Viña,66098,6.27511589,3,66,Salta,66098,La Viña,7435,1869,-25.440848,-65.581844,2079.2220548644,208.0
Tordillo,6812,6.27870871,3,6,Buenos Aires,6812,Tordillo,1764,558,-36.390747,-57.273398,1333.1568840343,161.0
Paso de los Libres,18119,6.28630548,3,18,Corrientes,18119,Paso de los Libres,48642,13254,-29.593725,-57.299552,4896.2935934402,40.0
San Cosme,18133,6.29192382,3,18,Corrientes,18133,San Cosme,14381,3882,-27.380065,-58.518085,610.44214025996,448.0
Florentino Ameghino (Bue),6277,6.29325444,3,6,Buenos Aires,6277,Florentino Ameghino,8869,2986,-34.874298,-62.401179,1810.6102085809,77.0
Tinogasta,10105,6.29633153,3,10,Catamarca,10105,Tinogasta,22360,6066,-27.540911,-67.921562,22625.715995347,345.0
Florentino Ameghino (Chu),26028,6.29869761,3,26,Chubut,26028,Florentino Ameghino,1627,479,-44.422676,-66.129746,15868.726358058,299.0
General Juan Madariaga,6315,6.3005699,3,6,Buenos Aires,6315,General Juan Madariaga,19747,6332,-37.154344,-57.230196,2986.5515395631,127.0
General Arenales,6294,6.30778658,3,6,Buenos Aires,6294,General Arenales,14903,5327,-34.238495,-61.28224,1482.256374538,399.0
Castelli,6168,6.31097459,3,6,Buenos Aires,6168,Castelli,8205,2721,-36.042066,-57.656424,2110.6650547708,162.0
Montecarlo,54084,6.31869568,3,54,Misiones,54084,Montecarlo,36745,9805,-26.656009,-54.566035,1738.9727166294,22.0
Nogoyá,30077,6.31960867,3,30,Entre Ríos,30077,Nogoyá,39026,12207,-32.219205,-59.770652,4374.7298209297,6.0
Monte,6547,6.3197818,3,6,Buenos Aires,6547,Monte,21034,6587,-35.509871,-58.766675,1870.7250720898,103.0
Leandro N. Alem (Mis),54070,6.32489197,3,54,Misiones,54070,Leandro N. Alem,45075,13063,-27.626217,-55.387504,1060.1506893714,19.0
Conesa,62028,6.32681337,3,62,Río Negro,62028,Conesa,7069,2254,-40.149129,-64.30365,9749.5781749864,291.0
San Martín (Corr),18147,6.32947995,3,18,Corrientes,18147,San Martín,13140,3661,-28.828789,-56.931681,6650.3950283526,39.0
La Paz (ER),30070,6.33086404,3,30,Entre Ríos,30070,La Paz,66903,18305,-30.897837,-59.502334,6705.7599273777,12.0
Picunches,58105,6.33143998,3,58,Neuquén,58105,Picunches,7022,1979,-38.570053,-70.373635,5978.4478850586,465.0
Chicoana,66042,6.33808899,3,66,Salta,66042,Chicoana,20710,4949,-25.145602,-65.604715,1014.793338181,207.0
Calingasta,70021,6.3401961,3,70,San Juan,70021,Calingasta,8588,2117,-31.469429,-69.845983,23047.416837455,301.0
Rosario de la Frontera,66140,6.34069401,3,66,Salta,66140,Rosario de la Frontera,28993,7803,-25.879394,-64.728602,5170.5580596489,431.0
Monteros,90070,6.34471242,3,90,Tucumán,90070,Monteros,63641,15944,-27.107772,-65.6422,1227.6562132466,479.0
Loventué,42098,6.34486805,3,42,La Pampa,42098,Loventué,8619,2824,-36.476818,-65.539837,9163.1920953956,249.0
Cruz Alta,90014,6.34558828,3,90,Tucumán,90014,Cruz Alta,180499,42757,-26.916411,-64.978985,1187.4321395434,483.0
Rosario Vera Peñaloza,46112,6.34633327,3,46,La Rioja,46112,Rosario Vera Peñaloza,14054,3924,-31.423601,-66.688204,4813.0977201082,237.0
La Paz (Mza),50042,6.35176719,3,50,Mendoza,50042,La Paz,10012,2869,-33.698075,-67.249322,7015.2713365686,229.0
Tilcara,38094,6.35587646,3,38,Jujuy,38094,Tilcara,12349,3397,-23.560401,-65.320016,2120.1425937625,258.0
San Lorenzo (Sfe),82119,6.36151862,3,82,Santa Fe,82119,San Lorenzo,157255,48350,-32.944783,-60.963557,2003.4954275843,408.0
Rancul,42126,6.36381636,3,42,La Pampa,42126,Rancul,10668,3497,-35.409134,-64.798024,4976.8485149773,256.0
San Miguel (Bue),6760,6.36476197,3,6,Buenos Aires,6760,San Miguel,276190,80627,-34.552374,-58.691486,83.528254723476,67.0
Río Senguer,26084,6.36762287,3,26,Chubut,26084,Río Senguer,5979,1984,-45.339861,-70.639834,22878.431197681,445.0
Collón Curá,58028,6.37411218,3,58,Neuquén,58028,Collón Curá,4532,1316,-40.052684,-70.281444,5762.7658156666,458.0
Santo Tomé,18168,6.37457159,3,18,Corrientes,18168,Santo Tomé,61297,16664,-28.230789,-56.22207,7003.8546167976,37.0
Carlos Casares,6147,6.37759858,3,6,Buenos Aires,6147,Carlos Casares,22237,7775,-35.749876,-61.373289,2522.3602120298,105.0
Catriló,42028,6.38719936,3,42,La Pampa,42028,Catriló,7293,2389,-36.581362,-63.662579,2480.9566168263,386.0
Valle Fértil,70119,6.3935838,3,70,San Juan,70119,Valle Fértil,7222,1868,-30.693382,-67.526352,5763.3019855967,434.0
General San Martín (Bue),6371,6.39761833,3,6,Buenos Aires,6371,General San Martín,414196,133202,-34.552766,-58.56418,56.294059239138,66.0
Chacabuco (Bue),6210,6.40127121,3,6,Buenos Aires,6210,Chacabuco,48703,16496,-34.61865,-60.353949,2293.3309303181,63.0
Albardón,70007,6.40357746,3,70,San Juan,70007,Albardón,23888,5863,-31.213864,-68.45353,1035.216064217,191.0
Coronel Pringles (SL),74021,6.40407792,3,74,San Luis,74021,Coronel Pringles,13157,4055,-33.175826,-65.919586,4071.3621429348,453.0
Avellaneda (RN),62014,6.41343008,3,62,Río Negro,62014,Avellaneda,35323,10549,-39.418372,-66.220284,20127.092023831,440.0
Capitán Sarmiento,6140,6.4145112,3,6,Buenos Aires,6140,Capitán Sarmiento,14494,4672,-34.150076,-59.854115,548.25864428049,54.0
San Justo (Sfe),82112,6.41927403,3,82,Santa Fe,82112,San Justo,40904,13113,-30.53041,-60.488665,5612.5250077568,403.0
Zárate,6882,6.42100243,3,6,Buenos Aires,6882,Zárate,114269,34013,-33.997341,-59.12765,1185.6261284302,170.0
General Belgrano (Bue),6301,6.42223322,3,6,Buenos Aires,6301,General Belgrano,17365,6008,-35.834252,-58.698506,1860.6470024459,109.0
Brandsen,6119,6.42887978,3,6,Buenos Aires,6119,Brandsen,26367,8324,-35.222502,-58.175607,1119.206655901,98.0
Oberá,54091,6.42970621,3,54,Misiones,54091,Oberá,107501,30016,-27.47155,-55.072619,1550.6398526937,355.0
Chimbas,70042,6.43078897,3,70,San Juan,70042,Chimbas,87258,20846,-31.489078,-68.523304,59.731449793959,193.0
Ñorquín,58084,6.4311112,3,58,Neuquén,58084,Ñorquín,4692,1380,-37.638054,-70.677356,5556.8569355059,468.0
Humahuaca,38028,6.4314262,3,38,Jujuy,38028,Humahuaca,17366,4742,-23.074633,-65.404287,3638.6958108993,267.0
Chivilcoy,6224,6.43246979,3,6,Buenos Aires,6224,Chivilcoy,64185,22083,-34.915668,-59.958061,2058.3909621848,80.0
San Martín (Mza),50098,6.43428123,3,50,Mendoza,50098,San Martín,118220,32730,-32.911985,-68.29292,1551.1214570894,220.0
Hurlingham,6408,6.44055193,3,6,Buenos Aires,6408,Hurlingham,181241,55122,-34.599484,-58.649294,34.881662707889,73.0
Avellaneda (Bue),6035,6.44288207,3,6,Buenos Aires,6035,Avellaneda,342677,113142,-34.677494,-58.341212,57.205727694956,149.0
Pila,6630,6.44308167,3,6,Buenos Aires,6630,Pila,3640,1215,-36.202951,-58.340086,3454.8904864753,112.0
General Alvear (Mza),50014,6.44614961,3,50,Mendoza,50014,General Alvear,46429,14748,-35.207208,-67.078169,14486.32498748,228.0
Ischilín,14049,6.44687622,3,14,Córdoba,14049,Ischilín,31312,8734,-30.399718,-64.609489,5059.7768576143,324.0
General Belgrano (LR),46063,6.45047831,3,46,La Rioja,46063,General Belgrano,7370,2149,-30.599958,-65.94447,2932.1840782788,239.0
San Pedro (Bue),6770,6.45121204,3,6,Buenos Aires,6770,San Pedro,59036,18441,-33.78118,-59.781481,1368.2517137694,171.0
Lanús,6434,6.45193279,3,6,Buenos Aires,6434,Lanús,459263,149594,-34.705502,-58.394801,50.383662362679,82.0
general ortiz de ocampo,46084,6.45874202,3,46,La Rioja,46084,General Ocampo,7145,2096,-31.024497,-66.068234,3536.3905577685,238.0
Zapala,58112,6.46045507,3,58,Neuquén,58112,Zapala,36549,10735,-38.925089,-69.840673,5384.5045714701,463.0
Monte Caseros,18112,6.46122651,3,18,Corrientes,18112,Monte Caseros,36338,10543,-30.228775,-57.86944,2704.1526838892,41.0
Suipacha,6784,6.46145955,3,6,Buenos Aires,6784,Suipacha,10081,3204,-34.749045,-59.702497,942.05609460124,71.0
General Pinto,6351,6.48159382,3,6,Buenos Aires,6351,General Pinto,11261,3888,-34.670214,-62.039347,2542.0563627075,152.0
Dolores,6238,6.48302733,3,6,Buenos Aires,6238,Dolores,27042,9004,-36.399327,-57.631587,1973.4488260841,116.0
Jáchal,70056,6.4830669,3,70,San Juan,70056,Jáchal,21730,5365,-30.354954,-68.437519,14326.089399173,202.0
El Carmen,38014,6.48528018,3,38,Jujuy,38014,El Carmen,97039,23324,-24.448191,-65.10304,922.91698826187,264.0
Quilmes,6658,6.48778555,3,6,Buenos Aires,6658,Quilmes,582943,177110,-34.734969,-58.276652,91.951262960272,165.0
Concordia,30015,6.49064961,3,30,Entre Ríos,30015,Concordia,170033,47982,-31.289974,-58.237359,3312.9627910736,1.0
25 de Mayo (Bue),6854,6.49249187,3,6,Buenos Aires,6854,25 de Mayo,35842,12416,-35.527222,-60.229812,4779.8095133282,100.0
General Lamadrid,46077,6.49370888,3,46,La Rioja,46077,General Lamadrid,1734,484,-28.76772,-68.713011,6617.3838774302,300.0
Formosa,34014,6.49614959,3,34,Formosa,34014,Formosa,234354,62621,-25.937112,-58.376877,6380.1535683381,275.0
Campana,6126,6.49755884,3,6,Buenos Aires,6126,Campana,94461,28111,-34.138037,-58.882509,989.48596400721,168.0
Huiliches,58049,6.49858211,3,58,Neuquén,58049,Huiliches,14725,4222,-39.794524,-71.259914,4034.3094440302,459.0
General Viamonte,6385,6.5021248,4,6,Buenos Aires,6385,General Viamonte,18078,6286,-34.997999,-61.04946,2144.3428390274,85.0
Magdalena,6505,6.5026337,4,6,Buenos Aires,6505,Magdalena,19301,5358,-35.185279,-57.685585,1845.6497424196,164.0
Iguazú,54063,6.50316666,4,54,Misiones,54063,Iguazú,82227,21466,-25.874761,-54.398545,2746.4238929548,401.0
Hipólito Yrigoyen,6406,6.50467917,4,6,Buenos Aires,6406,Hipólito Yrigoyen,9585,3295,-36.259607,-61.659247,1645.9695631747,115.0
Pilcaniyeu,62070,6.50606522,4,62,Río Negro,62070,Pilcaniyeu,7428,2360,-40.894402,-70.469048,10903.214002199,377.0
Pomán,10084,6.5138487,4,10,Catamarca,10084,Pomán,10776,2746,-28.214911,-66.381496,5430.5098410605,286.0
Daireaux,6231,6.51510789,4,6,Buenos Aires,6231,Daireaux,16889,5479,-36.64119,-61.890258,3821.2715601532,119.0
Tafí Viejo,90105,6.51652836,4,90,Tucumán,90105,Tafí Viejo,121638,29772,-26.661462,-65.445837,1139.0787124536,486.0
Arrecifes,6077,6.51755983,4,6,Buenos Aires,6077,Arrecifes,29044,9546,-34.011969,-60.062255,1241.31034079,51.0
San Pedro (Juj),38063,6.52174063,4,38,Jujuy,38063,San Pedro,75037,19616,-24.299136,-64.809997,2050.4663152886,270.0
Navarro,6574,6.52841972,4,6,Buenos Aires,6574,Navarro,17054,5321,-35.030805,-59.42936,1618.5347512124,92.0
General Paz (Bue),6343,6.53632117,4,6,Buenos Aires,6343,General Paz,11202,3782,-35.466547,-58.389385,1198.4808281476,102.0
Lihuel Calel,42084,6.5382469,4,42,La Pampa,42084,Lihuel Calel,439,182,-38.263827,-65.098716,12411.003457927,255.0
Hucal,42077,6.53967001,4,42,La Pampa,42077,Hucal,7540,2908,-37.977839,-63.954529,5972.4785330056,390.0
General Villegas,6392,6.5494556,4,6,Buenos Aires,6392,General Villegas,30864,10342,-34.7706,-62.954968,7254.5043923968,396.0
Ambato,10007,6.55085496,4,10,Catamarca,10007,Ambato,4463,1294,-28.018762,-65.913376,1721.2269862701,281.0
Tala,30091,6.55288982,4,30,Entre Ríos,30091,Tala,25665,8406,-32.317295,-59.267989,2643.9096369981,7.0
Conhelo,42035,6.55691519,4,42,La Pampa,42035,Conhelo,14077,4996,-36.028425,-64.51254,5214.5733385757,257.0
Apóstoles,54007,6.55708021,4,54,Misiones,54007,Apóstoles,42249,11556,-27.883701,-55.678899,1031.9995422166,20.0
Pellegrini (Bue),6616,6.55766333,4,6,Buenos Aires,6616,Pellegrini,5887,2100,-36.27102,-63.225769,1828.9495472536,381.0
Tafí del Valle,90098,6.56017441,4,90,Tucumán,90098,Tafí del Valle,14933,3972,-26.600241,-65.882331,2785.134393707,487.0
Junín (Mza),50035,6.56206735,4,50,Mendoza,50035,Junín,37859,10578,-33.148168,-68.490285,254.98329525676,226.0
Rawson (SJ),70077,6.56504098,4,70,San Juan,70077,Rawson,114368,29520,-31.686792,-68.466764,288.79547982804,198.0
Rojas,6686,6.5654517,4,6,Buenos Aires,6686,Rojas,23432,8010,-34.193242,-60.787313,2059.7195873827,52.0
Lobería,6476,6.56601601,4,6,Buenos Aires,6476,Lobería,17523,5902,-38.090528,-58.693059,4722.6866998298,143.0
Baradero,6070,6.57957062,4,6,Buenos Aires,6070,Baradero,32761,10416,-33.933493,-59.492828,1522.1592925498,169.0
Palpalá,38042,6.58229652,4,38,Jujuy,38042,Palpalá,52631,13225,-24.194924,-65.126449,487.73633264809,259.0
Andalgalá,10021,6.59047783,4,10,Catamarca,10021,Andalgalá,18132,4697,-27.585767,-66.357939,4701.0571553212,280.0
Rivadavia (Mza),50084,6.59776933,4,50,Mendoza,50084,Rivadavia,56373,15884,-33.410958,-68.607979,2055.3089845307,227.0
9 de Julio (Bue),6588,6.602989,4,6,Buenos Aires,6588,9 de Julio,47722,16308,-35.481812,-60.974405,4287.2219783791,101.0
Coronel Pringles (Bue),6196,6.60693045,4,6,Buenos Aires,6196,Coronel Pringles,22933,8097,-38.147693,-61.26406,5258.1681148911,136.0
San Martín (Sfe),82126,6.61166005,4,82,Santa Fe,82126,San Martín,63842,21473,-32.012282,-61.808251,4929.8443409216,416.0
San Alberto,14126,6.61195072,4,14,Córdoba,14126,San Alberto,37004,10320,-31.707725,-65.156134,3390.9531305069,333.0
Maipú (Mza),50070,6.62281293,4,50,Mendoza,50070,Maipú,172332,46569,-32.986219,-68.669097,669.68883154023,223.0
Pehuajó,6609,6.6238761,4,6,Buenos Aires,6609,Pehuajó,39776,13805,-35.883888,-61.926376,4523.9446099917,107.0
Metán,66112,6.62500701,4,66,Salta,66112,Metán,40351,10128,-25.432387,-64.598778,5190.2157569278,212.0
Belgrano (Sfe),82007,6.62719358,4,82,Santa Fe,82007,Belgrano,44788,14481,-32.610466,-61.704712,2449.3867984104,413.0
Aluminé,58007,6.63174326,4,58,Neuquén,58007,Aluminé,8306,2432,-39.131624,-71.046537,4733.8691020756,462.0
Las Flores,6455,6.63295572,4,6,Buenos Aires,6455,Las Flores,23871,8213,-36.016148,-59.176421,3343.3951410624,110.0
Tres de Febrero,6840,6.63802871,4,6,Buenos Aires,6840,Tres de Febrero,340071,112588,-34.596119,-58.57907,45.407617727787,72.0
General Alvear (Bue),6287,6.63993986,4,6,Buenos Aires,6287,General Alvear,11130,3308,-36.035101,-60.132639,3371.8503271315,111.0
Salto,6714,6.64426075,4,6,Buenos Aires,6714,Salto,32653,10689,-34.271457,-60.30456,1612.3810966139,55.0
Trenel,42147,6.64477046,4,42,La Pampa,42147,Trenel,5426,1852,-35.629745,-64.211889,2000.9188108108,247.0
Salliqueló,6721,6.6482266,4,6,Buenos Aires,6721,Salliqueló,8644,3162,-36.672426,-63.046788,797.32118866949,125.0
Comuna 08,2008,6.65521924,4,2,Ciudad Autónoma de Buenos Aires,2008,Comuna 8,187237,58204,-34.674505,-58.462084,22.301591470819,504.0
Constitución,82028,6.65590164,4,82,Santa Fe,82028,Constitución,86910,27693,-33.484507,-60.880705,3386.1741846493,419.0
Chos Malal,58042,6.65848206,4,58,Neuquén,58042,Chos Malal,15256,4600,-36.881046,-70.286693,4569.6855180645,471.0
Chapaleufú,42056,6.66041579,4,42,La Pampa,42056,Chapaleufú,11620,3984,-35.228215,-63.659135,2451.626862857,392.0
Puelén,42112,6.66571885,4,42,La Pampa,42112,Puelén,9468,2790,-37.434236,-67.603544,12989.3917986,496.0
Ramallo,6665,6.66761857,4,6,Buenos Aires,6665,Ramallo,33042,10201,-33.586486,-60.057531,1053.9982178815,172.0
general FELIPE VARELA,46028,6.6756841,4,46,La Rioja,46028,Coronel Felipe Varela,9648,2617,-29.470612,-68.279018,9121.2329147751,395.0
San Justo (Cba),14140,6.67571389,4,14,Córdoba,14140,San Justo,206307,66832,-31.239224,-62.527576,15602.023613441,336.0
San Nicolás,6763,6.67694169,4,6,Buenos Aires,6763,San Nicolás,145857,45051,-33.485617,-60.293748,674.18647037675,173.0
Adolfo Gonzales Chaves,6014,6.67859273,4,6,Buenos Aires,6014,Adolfo Gonzales Chaves,12047,4199,-37.964953,-60.248503,3787.3253021622,135.0
Utracán,42154,6.67990939,4,42,La Pampa,42154,Utracán,14839,5005,-37.335169,-65.087013,12974.112435261,253.0
Mercedes (Bue),6532,6.68189563,4,6,Buenos Aires,6532,Mercedes,63284,20214,-34.697499,-59.420141,1049.1315987607,68.0
Saladillo,6707,6.68362608,4,6,Buenos Aires,6707,Saladillo,32103,10768,-35.676693,-59.702474,2710.9848008263,106.0
San Carlos (Mza),50091,6.68420371,4,50,Mendoza,50091,San Carlos,32631,8985,-34.070627,-69.090326,11657.04258627,347.0
Pergamino,6623,6.68911458,4,6,Buenos Aires,6623,Pergamino,104590,34768,-33.836364,-60.54437,3006.0201594553,174.0
Tres Lomas,6847,6.68975656,4,6,Buenos Aires,6847,Tres Lomas,8700,2894,-36.497315,-62.863311,1252.2160603039,120.0
Iriondo,82056,6.69428402,4,82,Santa Fe,82056,Iriondo,66675,21896,-32.706041,-61.273422,3220.0393609156,402.0
Gaiman,26042,6.69468613,4,26,Chubut,26042,Gaiman,11141,3508,-43.273036,-66.171846,11609.372412383,293.0
Gualeguay,30049,6.69699544,4,30,Entre Ríos,30049,Gualeguay,51883,16153,-33.117663,-59.602796,6575.3396076987,10.0
Capital (Corr),18021,6.69847792,4,18,Corrientes,18021,Capital,358223,96993,-27.51994,-58.763309,566.28059393194,33.0
Quemú Quemú,42119,6.69979995,4,42,La Pampa,42119,Quemú Quemú,8663,3139,-36.131192,-63.662288,2480.3507377038,385.0
Juárez Celman,14056,6.70062432,4,14,Córdoba,14056,Juárez Celman,61078,19745,-33.329446,-63.606335,7927.9070763495,342.0
Colón (Bue),6175,6.70374846,4,6,Buenos Aires,6175,Colón,24890,8191,-33.88634,-61.061845,994.58489649639,175.0
Paclín,10077,6.70593481,4,10,Catamarca,10077,Paclín,4185,1152,-28.109614,-65.669626,960.10288434461,282.0
Río Segundo,14119,6.70645163,4,14,Córdoba,14119,Río Segundo,103718,32090,-31.733027,-63.476921,5173.6449581431,335.0
Maipú (Bue),6511,6.70653827,4,6,Buenos Aires,6511,Maipú,10188,3447,-36.887105,-57.585775,2601.0021727225,126.0
Tunuyán,50119,6.70878397,4,50,Mendoza,50119,Tunuyán,49458,13538,-33.623388,-69.521086,3443.7523676184,348.0
Marcos Juárez,14063,6.71080034,4,14,Córdoba,14063,Marcos Juárez,104205,35476,-33.030782,-62.277101,9185.9876986281,338.0
San Jerónimo,82105,6.71168087,4,82,Santa Fe,82105,San Jerónimo,80840,25662,-32.153368,-61.048053,4437.1876023382,405.0
Lincoln,6469,6.71326992,4,6,Buenos Aires,6469,Lincoln,41808,14528,-35.070821,-61.682104,5782.5769330031,75.0
San Cayetano,6742,6.72681597,4,6,Buenos Aires,6742,San Cayetano,8399,2961,-38.389566,-59.585854,3005.1567040444,153.0
San Javier (Cba),14133,6.73423912,4,14,Córdoba,14133,San Javier,53520,15855,-32.076193,-65.14186,1547.2108091588,334.0
General López,82042,6.73586274,4,82,Santa Fe,82042,General López,191024,64397,-33.932901,-61.951153,11368.83886044,406.0
Realicó,42133,6.73643255,4,42,La Pampa,42133,Realicó,16227,5472,-35.229883,-64.206514,2447.32389756,246.0
Capital (Tuc),90084,6.73831085,4,90,Tucumán,90084,Capital,548866,148773,-26.833202,-65.217462,90.134785022581,482.0
Guatraché,42070,6.74182149,4,42,La Pampa,42070,Guatraché,8831,3202,-37.484191,-63.78319,3541.8053337194,389.0
Chilecito,46042,6.74445827,4,46,La Rioja,46042,Chilecito,49432,13300,-29.400274,-67.429666,5262.1669929566,233.0
Castellanos,82021,6.74451008,4,82,Santa Fe,82021,Castellanos,178092,56560,-31.23135,-61.657073,6726.2690201793,412.0
Ayacucho (Bue),6042,6.75026619,4,6,Buenos Aires,6042,Ayacucho,20337,6967,-37.035506,-58.442178,6752.832617228,123.0
Bragado,6112,6.75259832,4,6,Buenos Aires,6112,Bragado,41336,14291,-35.061673,-60.603935,2199.2662552269,81.0
Arauco,46007,6.75302368,4,46,La Rioja,46007,Arauco,15418,4109,-28.548745,-66.72936,2488.866523495,245.0
Chacabuco (SL),74028,6.75605073,4,74,San Luis,74028,Chacabuco,20744,6417,-32.7374,-65.201875,2785.1867213903,449.0
Luján,6497,6.75835772,4,6,Buenos Aires,6497,Luján,106273,32524,-34.568201,-59.15858,769.0822309764,62.0
Colón (Cba),14021,6.76047037,4,14,Córdoba,14021,Colón,225151,63780,-31.144057,-64.152864,2339.6464967587,327.0
Capital (Sgo),86049,6.76931534,4,86,Santiago del Estero,86049,Capital,267125,68793,-27.88744,-64.432915,2130.5108617718,517.0
San Carlos (Sal),66154,6.77435134,4,66,Salta,66154,San Carlos,7016,1652,-25.822771,-66.149529,5324.3350382125,218.0
Mar Chiquita,6518,6.7748703,4,6,Buenos Aires,6518,Mar Chiquita,21279,7115,-37.499142,-57.642352,3097.0863544841,156.0
Famatina,46049,6.77636824,4,46,La Rioja,46049,Famatina,5863,1711,-28.69363,-67.561378,4250.2101895397,243.0
Presidente Roque Sáenz Peña,14084,6.78911689,4,14,Córdoba,14084,Presidente Roque Sáenz Peña,36282,12111,-34.140216,-63.418574,8240.8907434106,393.0
Minas (Nqn),58077,6.78945828,4,58,Neuquén,58077,Minas,7234,2195,-36.858721,-70.783627,6050.134012103,470.0
Bolívar,6105,6.79551481,4,6,Buenos Aires,6105,Bolívar,34190,12002,-36.298984,-61.149142,4932.4518586748,113.0
Atreucó,42007,6.79696228,4,42,La Pampa,42007,Atreucó,10153,3586,-37.031069,-63.778246,3509.593083265,387.0
Tapalqué,6798,6.80049839,4,6,Buenos Aires,6798,Tapalqué,9178,3163,-36.3474,-60.130333,4164.5691174591,114.0
Unión,14182,6.80212248,4,14,Córdoba,14182,Unión,105727,34669,-32.878454,-62.791426,10900.429941035,337.0
Patagones,6602,6.80310633,4,6,Buenos Aires,6602,Patagones,30207,10183,-40.197774,-62.843265,13653.572563443,391.0
San Fernando (Cha),22140,6.80939124,4,22,Chaco,22140,San Fernando,390874,110180,-27.71801,-59.11607,3575.5038472567,447.0
General Pedernera,74035,6.81361794,4,74,San Luis,74035,General Pedernera,125899,36992,-33.926868,-65.540127,13933.288277641,451.0
Chamical,46035,6.81583407,4,46,La Rioja,46035,Chamical,14160,4058,-30.178583,-65.980325,5347.1241340117,240.0
Tercero Arriba,14161,6.82194447,4,14,Córdoba,14161,Tercero Arriba,109554,36058,-32.287713,-63.779247,5141.6028195861,341.0
Caseros,82014,6.82361987,4,82,Santa Fe,82014,Caseros,82100,27951,-33.221446,-61.532968,3474.5798951751,414.0
Carlos Tejedor,6154,6.8288669,4,6,Buenos Aires,6154,Carlos Tejedor,11570,3976,-35.380143,-62.428925,3913.6989425506,99.0
Fray Mamerto Esquiú,10063,6.83141801,4,10,Catamarca,10063,Fray Mamerto Esquiú,11896,3019,-28.328986,-65.728357,189.41385800668,513.0
Federación,30028,6.83155877,4,30,Entre Ríos,30028,Federación,68736,19378,-30.734176,-58.15774,3760.2108919709,11.0
Victoria,30105,6.83360844,4,30,Entre Ríos,30105,Victoria,35767,11063,-32.785518,-60.22122,6647.3575050147,14.0
Sarmiento (Chu),26091,6.84332446,4,26,Chubut,26091,Sarmiento,11396,3262,-45.348305,-69.00286,14615.594275699,491.0
General Roca (RN),62042,6.84333513,4,62,Río Negro,62042,General Roca,320921,99433,-38.528356,-67.558089,14747.635673728,441.0
Coronel Dorrego,6189,6.84575574,4,6,Buenos Aires,6189,Coronel Dorrego,15825,5689,-38.671343,-61.094459,5861.4840468022,141.0
Iglesia,70049,6.85472085,4,70,San Juan,70049,Iglesia,9099,1753,-29.619638,-69.442324,19225.074601824,435.0
General La Madrid,6322,6.86248768,4,6,Buenos Aires,6322,General La Madrid,10783,3777,-37.356,-61.343374,4813.2879048914,129.0
Chascomús,6217,6.87125162,4,6,Buenos Aires,6217,Chascomús,42277,13903,-35.676585,-57.901497,4209.9806941329,145.0
Castro Barros,46021,6.88014344,4,46,La Rioja,46021,Castro Barros,4268,1328,-28.868427,-66.929626,1308.2276103664,231.0
Santa Lucía,70098,6.8811946,4,70,San Juan,70098,Santa Lucía,48087,12724,-31.530875,-68.462473,53.488448159736,195.0
Dr. Manuel Belgrano,38021,6.8834626,4,38,Jujuy,38021,Dr. Manuel Belgrano,265249,71061,-24.081564,-65.447052,2215.3897200685,262.0
Diamante,30021,6.89206867,4,30,Entre Ríos,30021,Diamante,46361,14784,-32.232588,-60.523515,2664.3135977604,15.0
San Antonio de Areco,6735,6.89297298,4,6,Buenos Aires,6735,San Antonio de Areco,23138,7191,-34.221179,-59.51898,863.39524279224,53.0
Adolfo Alsina (Bue),6007,6.8936293,4,6,Buenos Aires,6007,Adolfo Alsina,17072,6237,-37.19715,-63.055734,5881.6016818426,379.0
General Alvarado,6280,6.90001617,4,6,Buenos Aires,6280,General Alvarado,39594,12732,-38.203429,-58.07129,1634.8973988228,144.0
La Caldera,66077,6.90256102,4,66,Salta,66077,La Caldera,7763,2088,-24.563273,-65.443052,1021.4505057307,423.0
San Fernando (Bue),6749,6.90688698,4,6,Buenos Aires,6749,San Fernando,163240,49384,-34.151195,-58.545361,998.80496524005,167.0
Cushamen,26014,6.90730496,4,26,Chubut,26014,Cushamen,20919,6714,-42.374993,-70.697742,15816.830916373,493.0
Alberti,6021,6.91075352,4,6,Buenos Aires,6021,Alberti,10654,3828,-35.037399,-60.281935,1120.8296510606,90.0
Maracó,42105,6.91516143,4,42,La Pampa,42105,Maracó,59024,19703,-35.678517,-63.660744,2503.3165830083,384.0
Confluencia,58035,6.91755577,4,58,Neuquén,58035,Confluencia,362673,113864,-38.831995,-68.79333,7203.2101094198,464.0
Colón (ER),30008,6.9180161,4,30,Entre Ríos,30008,Colón,62160,19963,-32.01131,-58.369944,2766.6104966339,3.0
San Blas de los Sauces,46119,6.91802115,4,46,La Rioja,46119,San Blas de los Sauces,3927,1087,-28.552959,-67.158155,1443.9177910615,244.0
Balcarce,6063,6.91828165,4,6,Buenos Aires,6063,Balcarce,43823,14720,-37.71478,-58.271428,4124.2871550325,134.0
Capital (Mis),54028,6.91850168,4,54,Misiones,54028,Capital,324756,93120,-27.548291,-55.856233,954.26290502093,24.0
Toay,42140,6.92256816,4,42,La Pampa,42140,Toay,12409,3836,-36.660901,-64.695256,5155.8291570453,250.0
Deseado,78014,6.92714638,4,78,Santa Cruz,78014,Deseado,107630,32187,-47.33253,-68.031349,62970.248541958,290.0
Guaminí,6399,6.9429495,4,6,Buenos Aires,6399,Guaminí,11826,4224,-36.891231,-62.417611,4829.5991819626,124.0
Ituzaingó (Bue),6410,6.95026689,4,6,Buenos Aires,6410,Ituzaingó,167824,51444,-34.636033,-58.688757,38.068221146755,76.0
La Costa,6420,6.95812116,4,6,Buenos Aires,6420,La Costa,69633,23949,-36.714707,-56.713692,241.67070160646,159.0
Punta Indio,6655,6.96110882,4,6,Buenos Aires,6655,Punta Indio,9888,3413,-35.426923,-57.39859,1612.611169022,163.0
Guaymallén,50028,6.96814072,4,50,Mendoza,50028,Guaymallén,283803,79770,-32.888202,-68.741814,166.54115618466,221.0
Pichi Mahuida,62063,6.97438348,4,62,Río Negro,62063,Pichi Mahuida,14107,4687,-39.406916,-64.403277,15887.759605365,442.0
Malargüe,50077,6.97834747,4,50,Mendoza,50077,Malargüe,27660,7820,-36.151884,-69.318503,40874.449806828,439.0
Benito Juárez,6084,6.98000986,4,6,Buenos Aires,6084,Benito Juárez,20239,6786,-37.586587,-59.887536,5350.3389029415,132.0
Junín (Bue),6413,6.98152467,4,6,Buenos Aires,6413,Junín,90305,30315,-34.546723,-61.004873,2249.5235870666,60.0
San Antonio (RN),62077,6.98456981,4,62,Río Negro,62077,San Antonio,29284,9230,-40.958446,-65.369026,14291.486923221,369.0
Las Colonias,82070,6.98665885,4,82,Santa Fe,82070,Las Colonias,104946,34327,-31.315302,-61.109435,6301.3723794845,404.0
Sanagasta,46126,6.990641,4,46,La Rioja,46126,Sanagasta,2345,622,-29.154748,-67.069699,1288.5948178582,232.0
Laprida,6448,6.99214322,4,6,Buenos Aires,6448,Laprida,10210,3472,-37.515857,-60.767356,3450.6436524251,131.0
Tigre,6805,6.99348826,4,6,Buenos Aires,6805,Tigre,376381,108558,-34.381757,-58.598754,396.27784624238,151.0
Las Heras,50049,6.99698885,4,50,Mendoza,50049,Las Heras,203666,53978,-32.523645,-69.275228,8772.1184441676,437.0
Caleu Caleu,42014,7.00407877,4,42,La Pampa,42014,Caleu Caleu,2313,741,-38.670847,-63.89726,9096.9490103278,388.0
Morón,6568,7.00418515,4,6,Buenos Aires,6568,Morón,321109,106902,-34.649185,-58.619857,55.305917512864,74.0
Villa Gesell,6868,7.00552089,4,6,Buenos Aires,6868,Villa Gesell,31730,10374,-37.368842,-57.063203,159.52703217029,157.0
Gualeguaychú,30056,7.00731918,4,30,Entre Ríos,30056,Gualeguaychú,109461,34492,-33.020459,-58.788183,7519.7017858273,8.0
San Rafael,50105,7.01485476,4,50,Mendoza,50105,San Rafael,188018,56391,-34.946392,-68.351266,32106.915431795,230.0
Coronel Suárez,6203,7.01730474,4,6,Buenos Aires,6203,Coronel Suárez,38320,13451,-37.535378,-61.88908,5990.2133678829,130.0
Valle Viejo,10112,7.01896059,4,10,Catamarca,10112,Valle Viejo,27242,6882,-28.592718,-65.705149,613.47686570459,512.0
General San Martín (Cba),14042,7.02000486,4,14,Córdoba,14042,General San Martín,127454,41871,-32.514334,-63.256224,4990.4894596064,339.0
Río Cuarto,14098,7.03370748,4,14,Córdoba,14098,Río Cuarto,246393,80878,-33.330061,-64.49295,18558.492484861,343.0
Monte Hermoso,6553,7.05414006,4,6,Buenos Aires,6553,Monte Hermoso,6499,2331,-38.963793,-61.287412,204.24386811279,140.0
Rauch,6672,7.06346734,4,6,Buenos Aires,6672,Rauch,15176,5325,-36.57266,-58.943807,4312.7588553026,117.0
Comuna 04,2004,7.06638956,4,2,Ciudad Autónoma de Buenos Aires,2004,Comuna 4,218245,76455,-34.642292,-58.38886,21.694409834743,500.0
Azul,6049,7.0713259,4,6,Buenos Aires,6049,Azul,65280,22020,-36.786351,-59.696285,6531.6422961007,118.0
Rawson (Chu),26077,7.07382568,4,26,Chubut,26077,Rawson,131313,41187,-43.138249,-65.074331,4163.1447837295,296.0
La Capital (Sfe),82063,7.09147459,4,82,Santa Fe,82063,La Capital,525093,165133,-31.474027,-60.668553,2969.7711021363,418.0
Bahía Blanca,6056,7.10424411,4,6,Buenos Aires,6056,Bahía Blanca,301572,105342,-38.584442,-62.169171,2282.9893890351,139.0
Capital (Sal),66028,7.10517668,4,66,Salta,66028,Capital,536113,137000,-24.891233,-65.271168,1766.2045794395,204.0
Cafayate,66021,7.11993962,4,66,Salta,66021,Cafayate,14850,3555,-26.120228,-65.886484,1358.9773143022,215.0
Rosario,82084,7.12866678,4,82,Santa Fe,82084,Rosario,1193605,392533,-33.129294,-60.709189,1838.6491989304,407.0
Escalante,26021,7.1378987,4,26,Chubut,26021,Escalante,186583,56875,-45.283722,-67.708849,14291.807304957,298.0
Capital (Cat),10049,7.16168442,4,10,Catamarca,10049,Capital,159703,42037,-28.404362,-65.83673,415.40196334643,276.0
Coronel de Marina Leonardo Rosales,6182,7.17038345,4,6,Buenos Aires,6182,Coronel de Marina Leonardo Rosales,62152,19424,-38.848345,-61.835418,1283.767066363,138.0
Capital (LR),46014,7.17711183,4,46,La Rioja,46014,Capital,180995,48916,-29.457457,-66.370324,13108.083111121,432.0
Olavarría,6595,7.19636063,4,6,Buenos Aires,6595,Olavarría,111708,36865,-36.857247,-60.669698,7654.5416053627,122.0
Santa María (Cba),14147,7.21350584,5,14,Córdoba,14147,Santa María,98188,28144,-31.711202,-64.307062,3241.0530314646,330.0
Calamuchita,14007,7.23182775,5,14,Córdoba,14007,Calamuchita,54730,16915,-32.207072,-64.621465,4740.5423479729,378.0
Trenque Lauquen,6826,7.23657454,5,6,Buenos Aires,6826,Trenque Lauquen,43021,14519,-36.057175,-62.633921,5503.1728101215,108.0
Río Chico (Scr),78049,7.25008413,5,78,Santa Cruz,78049,Río Chico,5158,1429,-48.294652,-71.121726,34038.608770776,351.0
Tres Arroyos,6833,7.25527558,5,6,Buenos Aires,6833,Tres Arroyos,57110,20114,-38.512722,-60.236855,5931.0392479201,154.0
Uruguay,30098,7.25739136,5,30,Entre Ríos,30098,Uruguay,100728,32573,-32.450426,-58.582037,5154.3538361098,16.0
Pinamar,6644,7.26340793,5,6,Buenos Aires,6644,Pinamar,25728,8205,-37.11047,-56.86888,65.050378099366,158.0
Río Grande,94007,7.26851073,5,94,Tierra del Fuego,94007,Río Grande,70042,21410,-54.028449,-67.898773,11767.49078311,287.0
Necochea,6581,7.2758835,5,6,Buenos Aires,6581,Necochea,92933,31425,-38.25666,-59.166238,4562.90041078,142.0
La Plata,6441,7.28445616,5,6,Buenos Aires,6441,La Plata,654324,221313,-35.003993,-58.017741,895.19023611614,93.0
Futaleufú,26035,7.30932884,5,26,Chubut,26035,Futaleufú,43076,13740,-43.069266,-71.46566,9323.595781323,350.0
Güer Aike,78021,7.30957184,5,78,Santa Cruz,78021,Güer Aike,113267,33809,-51.411934,-70.563108,33578.761865608,514.0
Paraná,30084,7.32917487,5,30,Entre Ríos,30084,Paraná,339930,105030,-31.69731,-60.045552,5133.7373097451,17.0
Corpen Aike,78007,7.33196981,5,78,Santa Cruz,78007,Corpen Aike,11093,3481,-49.948131,-69.448407,26265.751862307,289.0
Biedma,26007,7.33737036,5,26,Chubut,26007,Biedma,82883,24471,-42.445493,-64.932357,12845.901887126,373.0
Lago Buenos Aires,78035,7.36270118,5,78,Santa Cruz,78035,Lago Buenos Aires,8750,2571,-46.836707,-70.638883,28718.870584509,494.0
JUAN MARTIN DE PUEYRREDON,74056,7.36665734,5,74,San Luis,74056,La Capital,204019,58559,-33.820992,-66.513154,12951.945055728,450.0
Magallanes,78042,7.38259302,5,78,Santa Cruz,78042,Magallanes,9202,2807,-48.838632,-68.469252,20348.362476298,288.0
Capital (LP),42021,7.38700266,5,42,La Pampa,42021,Capital,105312,35598,-36.496645,-64.196209,2553.5632275027,251.0
Comuna 09,2009,7.38741869,5,2,Ciudad Autónoma de Buenos Aires,2009,Comuna 9,161797,56495,-34.651716,-58.499097,16.502346818172,505.0
Godoy Cruz,50021,7.3899772,5,50,Mendoza,50021,Godoy Cruz,191903,57375,-32.929067,-68.900114,78.641224895995,225.0
Junín (SL),74049,7.41544941,5,74,San Luis,74049,Junín,28933,9033,-32.212167,-65.397175,2360.8144693655,454.0
Lácar,58056,7.42091392,5,58,Neuquén,58056,Lácar,29748,9155,-40.314119,-71.184202,4973.6816011251,457.0
Puán,6651,7.42351498,5,6,Buenos Aires,6651,Puán,15743,6328,-38.076131,-63.057075,6370.8025908299,382.0
Punilla,14091,7.43029276,5,14,Córdoba,14091,Punilla,178401,55253,-31.222559,-64.586152,2469.7099612535,328.0
Luján de Cuyo,50063,7.43573177,5,50,Mendoza,50063,Luján de Cuyo,119888,32233,-33.036988,-69.470803,4801.6368440764,349.0
Comuna 07,2007,7.48121482,5,2,Ciudad Autónoma de Buenos Aires,2007,Comuna 7,220591,81483,-34.63654,-58.451924,12.425128513625,503.0
Capital (Cba),14014,7.48241748,5,14,Córdoba,14014,Capital,1329604,414237,-31.41707,-64.183205,573.04518079655,329.0
Adolfo Alsina (RN),62007,7.49616222,5,62,Río Negro,62007,Adolfo Alsina,57678,18345,-40.790586,-63.761896,8982.7800055723,443.0
Comuna 01,2001,7.52410742,5,2,Ciudad Autónoma de Buenos Aires,2001,Comuna 1,205886,84468,-34.606365,-58.371709,17.774343610998,497.0
Rivadavia (SJ),70084,7.56179437,5,70,San Juan,70084,Rivadavia,82641,21910,-31.554047,-68.642378,118.89661346252,194.0
Tandil,6791,7.56182166,5,6,Buenos Aires,6791,Tandil,123871,43155,-37.336251,-59.18186,4853.4004679147,128.0
Tornquist,6819,7.57338701,5,6,Buenos Aires,6819,Tornquist,12723,4538,-38.25791,-62.290904,4154.789287503,137.0
Comuna 03,2003,7.57498678,5,2,Ciudad Autónoma de Buenos Aires,2003,Comuna 3,187537,80489,-34.613826,-58.402686,6.3860399512473,499.0
Saavedra,6700,7.57879434,5,6,Buenos Aires,6700,Saavedra,20749,7315,-37.771644,-62.433776,3539.186044321,133.0
Bariloche,62021,7.5802532,5,62,Río Negro,62021,Bariloche,133500,41976,-41.504569,-71.528738,5521.0477980349,446.0
General Pueyrredón,6357,7.59586243,5,6,Buenos Aires,6357,General Pueyrredón,618989,209794,-37.965992,-57.742474,1460.5115444942,155.0
Comuna 10,2010,7.68395694,5,2,Ciudad Autónoma de Buenos Aires,2010,Comuna 10,166022,61453,-34.627828,-58.502834,12.639610477106,506.0
Los Lagos,58070,7.71271063,5,58,Neuquén,58070,Los Lagos,11998,3623,-40.773427,-71.48636,4197.8151302302,456.0
Yerba Buena,90119,7.78738915,5,90,Tucumán,90119,Yerba Buena,75076,18560,-26.790168,-65.345314,149.16414754969,484.0
Capital (SJ),70028,7.82306469,5,70,San Juan,70028,Capital,109123,34049,-31.53349,-68.533517,27.425358289169,196.0
Comuna 15,2015,7.82563736,5,2,Ciudad Autónoma de Buenos Aires,2015,Comuna 15,182574,72465,-34.591865,-58.462809,14.322755759084,511.0
Comuna 05,2005,7.89995323,5,2,Ciudad Autónoma de Buenos Aires,2005,Comuna 5,179005,76846,-34.617353,-58.420607,6.6597992407272,501.0
Comuna 11,2011,7.90087982,5,2,Ciudad Autónoma de Buenos Aires,2011,Comuna 11,189832,71460,-34.606116,-58.496823,14.091316091303,507.0
Lago Argentino,78028,7.90623958,5,78,Santa Cruz,78028,Lago Argentino,18864,5512,-49.840499,-72.070239,38568.404958703,352.0
San Isidro,6756,7.93867106,5,6,Buenos Aires,6756,San Isidro,292878,97213,-34.486991,-58.537405,52.244328809925,150.0
Ushuaia,94014,7.95144329,5,94,Tierra del Fuego,94014,Ushuaia,56956,17538,-54.749223,-66.735891,8910.1852388051,444.0
Comuna 12,2012,8.02406804,5,2,Ciudad Autónoma de Buenos Aires,2012,Comuna 12,200116,78547,-34.566312,-58.490417,15.56394525335,508.0
Vicente López,6861,8.05512452,5,6,Buenos Aires,6861,Vicente López,269420,99286,-34.52662,-58.504531,34.480947853638,166.0
Capital (Mza),50007,8.16496159,5,50,Mendoza,50007,Capital,115041,39136,-32.881329,-68.900623,48.197511112976,224.0
Comuna 06,2006,8.22461354,5,2,Ciudad Autónoma de Buenos Aires,2006,Comuna 6,176076,75189,-34.616826,-58.443603,6.8509481740965,502.0
Comuna 13,2013,8.45898183,5,2,Ciudad Autónoma de Buenos Aires,2013,Comuna 13,231331,100506,-34.554661,-58.454147,14.578360412279,509.0
Comuna 14,2014,8.49945784,5,2,Ciudad Autónoma de Buenos Aires,2014,Comuna 14,225970,102918,-34.573901,-58.422436,15.774189881943,510.0
Comuna 02,2002,8.56373831,5,2,Ciudad Autónoma de Buenos Aires,2002,Comuna 2,157932,73156,-34.585876,-58.394997,6.2761484446208,498.0
Lezama,6241,8.57007307,4,6,Buenos Aires,6241,Lezama,10147,3663,-35.9823,-57.8896,1007.0000000001,601.0
Tolhuin,94021,8.57007307,5,94,Tierra del Fuego,94021,Tolhuin,2519,1001,-54.5189,-67.2166,1007.0000000001,600.0
